{
    "score": -0.21947565543071157,
    "exact_accuracy": 0.03670411985018727,
    "accuracy": 0.3902621722846442,
    "hallucination": 0.6097378277153558,
    "missing": 0.0,
    "n_miss": 0,
    "n_correct": 521,
    "n_correct_exact": 49,
    "total": 1335
}